intervention_id,plant,line,equipment_tag,reported_at,technician_id,alert_code,raw_text
INT-2026-0101,Plant A,Hot Rolling 1,HRM-01,2026-01-03T06:42:00,T-114,ALM-2201,"hyd leak on the main cyl again, 3rd time this qtr. found the seal on rod side blown. replced seal kit + topped up oil. down abt 95 min. RECOMEND we change the whole cyl at next shutdwn, seals keep going becuse rod is scored"
INT-2026-0102,Plant A,Hot Rolling 1,HRM-01,2026-01-04T14:10:00,T-207,ALM-1130,"roll gap sensor readin garbage. swapped the LVDT, recalibrated. 40min. sensor was full of scale dust, the cover gasket is missing - somebody lost it"
INT-2026-0103,Plant A,Sinter 2,SNT-04,2026-01-05T22:30:00,T-089,ALM-3305,"conveyour belt tracking off to the drive side, rubbing frame. adjusted the snub pulley. ~55min. belt edge already damaged maybe 8m of it. needs vulcanizing next window"
INT-2026-0104,Plant B,Blast Furnace,BF-02,2026-01-06T03:15:00,T-311,ALM-4102,"cooling water flow low alarm on stave 14. strainer blocked w/ debris. cleaned + back in service 70 min. this is the 2nd stave strainer this week, i think somethng is shedding upstream in the header"
INT-2026-0105,Plant A,Hot Rolling 1,HRM-02,2026-01-08T11:05:00,T-114,ALM-2210,"main drive motor tripped on overcurrent. checked meggar OK. found the cooling fan on the drive cabinet siezed so VFD was overtemp and derating. replaced fan 60min, run up fine"
INT-2026-0106,Plant A,Cold Mill,CM-01,2026-01-09T08:20:00,T-207,ALM-2201,"hydralic pwr unit pressure droppin. pump 2 not making pressure, couplin elastomer shredded. swapped coupling element. 50 mins. NB pump 2 has done 3 couplings in 6 months - alignment check needed, i think base plate is soft"
INT-2026-0107,Plant B,Blast Furnace,BF-02,2026-01-11T19:45:00,T-311,ALM-4110,"thermocouple on tuyere 8 open circuit. replaced TC + extension cable. 35 min"
INT-2026-0108,Plant A,Sinter 2,SNT-04,2026-01-12T05:50:00,T-089,ALM-3312,"gearbox on the sinter fan runnin hot, 92c on the brg. oil level was low, topped up. also found breather cap clogged. 45min. reccomend oil analysis, there was a bit of metal on the mag plug"
INT-2026-0109,Plant A,Hot Rolling 1,HRM-01,2026-01-14T13:00:00,T-114,ALM-2201,"same hyd leak main cyl HRM-01. rod side seal. did seal kit again. 85min. as i said before the rod is scored, this will keep repeating until cyl is changed. escalated to eng"
INT-2026-0110,Plant C,Continuous Caster,CC-01,2026-01-15T02:10:00,T-402,ALM-5201,"mould oscillator vibration high. found loose foundation bolts, 4 of them. torqued to spec. 75 min. whole frame needs re-grouting imo"
INT-2026-0111,Plant A,Cold Mill,CM-02,2026-01-16T16:30:00,T-207,ALM-2260,"coilr tension out of range. load cell drifting. recalibrated, held for now but cell is old. 30min. suggest replace at outage"
INT-2026-0112,Plant B,Blast Furnace,BF-01,2026-01-18T09:25:00,T-311,ALM-4102,"cooling water low flow stave 6. strainer again full of rubber bits. cleaned. 65min. the rubber is coming from somewhere - expansion joint liner maybe. NEEDS investigatn, 3rd one this month"
INT-2026-0113,Plant A,Sinter 2,SNT-03,2026-01-19T23:00:00,T-089,ALM-3305,"belt slippin on the drive pulley, lagging worn smooth. couldnt fix properly, tensioned as temp fix. 40min. NOT RESOLVED - needs re-lagging, raised WO"
INT-2026-0114,Plant C,Continuous Caster,CC-02,2026-01-21T07:40:00,T-402,ALM-5240,"segment roll seized, bearing collapsed. changed the roll assy. 180min. big job. bearing had no grease - autolube line was crimped where it passes the frame"
INT-2026-0115,Plant A,Hot Rolling 1,HRM-02,2026-01-22T12:15:00,T-114,ALM-2210,"VFD fault F0023 undervoltage. supply side, found loose terminal on the incoming isolator. retorqued all. 55min"
INT-2026-0116,Plant A,Cold Mill,CM-01,2026-01-24T04:35:00,T-207,ALM-2201,"hyd oil temp high. cooler fouled on water side. flushed it. 60 min. water side treatment needs looking at, scale build up is fast"
INT-2026-0117,Plant B,Blast Furnace,BF-02,2026-01-26T15:20:00,T-311,ALM-4125,"stockline probe stuck, wont retract. mech binding in the guide, cleaned + lubed. 50min"
INT-2026-0118,Plant A,Sinter 2,SNT-04,2026-01-27T20:05:00,T-089,ALM-3312,"sinter fan gearbox brg temp high again 95c. oil analysis came back bad, water in oil. drained + refilled, changed breather. 110min. root cause is the cooler leaking into the oil side i think"
INT-2026-0119,Plant C,Continuous Caster,CC-01,2026-01-29T10:50:00,T-402,ALM-5201,"oscillator vibration again on CC-01. foundation bolts loose AGAIN. this is the grout, its cracked. torqued + logged. 70min. RECOMMEND full re-grout, will keep coming back"
INT-2026-0120,Plant A,Hot Rolling 1,HRM-03,2026-01-30T06:00:00,T-114,ALM-2230,"descaler nozzle blocked, 3 of them. rodded out + flushed hdr. 45min. filter on the descale pump needs shorter change interval"
INT-2026-0201,Plant A,Hot Rolling 1,HRM-01,2026-02-02T08:30:00,T-114,ALM-2201,"main cyl replaced at weekend shutdwn finally. commisioned + tested, no leaks. 240 min planned work. rod was badly scored as expected"
INT-2026-0202,Plant B,Blast Furnace,BF-01,2026-02-03T17:15:00,T-311,ALM-4102,"stave cooling low flow, strainer blocked, rubber again. cleaned. 60min. i opened the expansion joint upstream and the liner is definately shredding. reported to eng, this is the source"
INT-2026-0203,Plant A,Cold Mill,CM-02,2026-02-05T01:20:00,T-207,ALM-2260,"tension load cell failed completly now. replaced. 90min. shouldve been done at outage like i said in jan"
INT-2026-0204,Plant A,Sinter 2,SNT-03,2026-02-06T14:45:00,T-089,ALM-3305,"belt re-lagged during window. tensioned + tracked. 300min planned. resolved the slip issue from jan"
INT-2026-0205,Plant C,Continuous Caster,CC-02,2026-02-08T22:10:00,T-402,ALM-5240,"segment roll bearing noisy. checked autolube, another crimped line same spot as last time. changed hose routing + re-greased. 95min. the routing thru the frame is a design problem, all segments are like this"
INT-2026-0206,Plant A,Hot Rolling 1,HRM-02,2026-02-09T11:00:00,T-114,ALM-2215,"work roll chock not clamping. hyd clamp solenoid coil burnt. swapped coil. 40min"
INT-2026-0207,Plant B,Blast Furnace,BF-02,2026-02-11T05:30:00,T-311,ALM-4110,"TC tuyere 3 reading low then open circuit. replaced. 30 min. thats 4 TCs this qtr, all on the south side. maybe the cable tray runs too close to the hot face there"
INT-2026-0208,Plant A,Cold Mill,CM-01,2026-02-12T19:35:00,T-207,ALM-2201,"HPU pump 2 coupling gone AGAIN. 3rd in 6 mo + this one. did laser alignment this time, base plate IS soft, found 2 loose holding down bolts and the epoxy chocking is broken up. temp fix, torqued + new element. 120min. NOT PROPERLY RESOLVED needs re-chocking"
INT-2026-0209,Plant A,Sinter 2,SNT-04,2026-02-14T03:00:00,T-089,ALM-3312,"gearbox oil cooler confirmed leaking, water in oil. isolated cooler, running on aux for now. 80min. cooler on order. NOT RESOLVED"
INT-2026-0210,Plant C,Continuous Caster,CC-01,2026-02-16T13:25:00,T-402,ALM-5215,"mould level control unstable, eddy current sensor coated in slag. cleaned sensor face. 35min"
INT-2026-0211,Plant A,Hot Rolling 1,HRM-03,2026-02-17T09:10:00,T-114,ALM-2230,"descale nozzles blocked again 5 of them. rodded. 50 min. filter interval was NOT changed, still 4 weeks. this is why"
INT-2026-0212,Plant B,Blast Furnace,BF-01,2026-02-19T23:40:00,T-311,ALM-4130,"gas cleaning plant dp high, scrubber nozzle partly blocked. cleaned 2 nozzles. 75min"
INT-2026-0213,Plant A,Cold Mill,CM-02,2026-02-20T16:05:00,T-207,ALM-2270,"strip break detector giving false trips. photocell dirty + misaligned. cleaned + realigned. 25min"
INT-2026-0214,Plant C,Continuous Caster,CC-02,2026-02-22T04:50:00,T-402,ALM-5240,"segment 7 roll bearing failed, seized. roll change. 190min. autolube line crimped, same frame pass-through issue. THIS IS THE 3RD ONE. needs the routing redesign, im logging it again"
INT-2026-0215,Plant A,Sinter 2,SNT-04,2026-02-24T12:30:00,T-089,ALM-3312,"new gearbox oil cooler fitted. flushed system, new oil, oil analysis clean. 210min planned. resolved"
INT-2026-0216,Plant A,Hot Rolling 1,HRM-02,2026-02-25T20:15:00,T-114,ALM-2210,"drive cabinet overtemp again. 2nd fan failed, the one i didnt change in jan. replaced both remaining fans. 70min. these fans are all same age, suggest replace as a set on the other cabinets too"
INT-2026-0217,Plant B,Blast Furnace,BF-02,2026-02-27T07:55:00,T-311,ALM-4102,"stave cooling low flow. strainer. rubber bits. cleaned. 55min. expansion joint STILL not replaced, eng have the report since 3rd feb"
INT-2026-0218,Plant A,Cold Mill,CM-01,2026-02-28T15:00:00,T-207,ALM-2201,"hyd oil temp high, cooler water side scaled again. flushed. 65min. 2nd time in 5 weeks, water treatment issue not addressed"
INT-2026-0301,Plant C,Continuous Caster,CC-01,2026-03-02T02:40:00,T-402,ALM-5201,"oscillator vibr high, foundation. re-grout done at weekend actually so this time it was a loose drive coupling. retorqued. 60min"
INT-2026-0302,Plant A,Hot Rolling 1,HRM-01,2026-03-03T10:20:00,T-114,ALM-2215,"roll chock clamp slow. hyd accumulator pre-charge low, recharged N2. 45min"
INT-2026-0303,Plant B,Blast Furnace,BF-01,2026-03-05T18:30:00,T-311,ALM-4102,"expansion joint liner finally replaced in shutdown. also cleaned all stave strainers. 320min planned. should stop the repeat strainer blockages"
INT-2026-0304,Plant A,Sinter 2,SNT-03,2026-03-06T23:15:00,T-089,ALM-3320,"sinter cooler fan bearing noise, grease gun used, noise reduced but still there. temp fix. 40min. NOT RESOLVED, bearing needs change, WO raised"
INT-2026-0305,Plant A,Cold Mill,CM-01,2026-03-08T06:45:00,T-207,ALM-2201,"HPU base plate re-chocked in shutdown, laser aligned. 280 min planned. pump 2 coupling issue should be finished now"
INT-2026-0306,Plant C,Continuous Caster,CC-02,2026-03-10T14:00:00,T-402,ALM-5215,"mould level eddy current sensor coated again. cleaned. 30min. cleaning interval should be weekly not monthly"
INT-2026-0307,Plant A,Hot Rolling 1,HRM-03,2026-03-12T08:05:00,T-114,ALM-2230,"descale nozzle blocked x2. rodded. 35min. filter interval finally changed to 2 wks from this week"
INT-2026-0308,Plant B,Blast Furnace,BF-02,2026-03-13T21:20:00,T-311,ALM-4110,"TC tuyere 11 open ckt, south side again. replaced + rerouted cable away from hot face as trial. 55min. lets see if this one lasts"
INT-2026-0309,Plant A,Sinter 2,SNT-03,2026-03-15T11:40:00,T-089,ALM-3320,"sinter cooler fan brg replaced. 160min. resolved"
INT-2026-0310,Plant A,Cold Mill,CM-02,2026-03-17T03:30:00,T-207,ALM-2270,"strip break detector false trip. photocell dirty. cleaned. 20min. 2nd time, the air purge on the photocell housing is blocked, thats the real cause. cleared purge line too"
INT-2026-0311,Plant C,Continuous Caster,CC-02,2026-03-19T16:50:00,T-402,ALM-5240,"segment autolube routing redesign fitted on seg 5,6,7. no more crimping. 240min planned. hopefully end of the bearing failures"
INT-2026-0312,Plant A,Hot Rolling 1,HRM-02,2026-03-21T09:35:00,T-114,ALM-2210,"drive cabinet temp OK now with new fans. this call was actually a false alarm, RTD loose in terminal. retightened. 25min"
INT-2026-0313,Plant B,Blast Furnace,BF-01,2026-03-23T05:10:00,T-311,ALM-4125,"stockline probe binding. cleaned guide + lubed. 45min. 2nd time on BF-01, the guide needs a proper seal to keep dust out"
INT-2026-0314,Plant A,Cold Mill,CM-01,2026-03-25T13:15:00,T-207,ALM-2280,"emulsion pump flow low, suction filter blocked. changed filter element. 30min"
INT-2026-0315,Plant A,Sinter 2,SNT-04,2026-03-27T19:00:00,T-089,ALM-3305,"conveyor belt tracking off, snub pulley adjusted. 45min. this is the belt we vulcanized in jan, the repair patch is lifting on one edge"
INT-2026-0316,Plant C,Continuous Caster,CC-01,2026-03-29T01:55:00,T-402,ALM-5250,"tundish car drive not moving, limit switch failed. replaced LS. 50min"
INT-2026-0317,Plant A,Hot Rolling 1,HRM-01,2026-03-30T12:25:00,T-114,ALM-2201,"small weep on main cyl gland - new cyl. nipped up the gland nut, watching it. 20min. probably just bedding in"
